{
    "predicted_price": [
        19544.795052343557
    ]
},
{
    "predicted_price": [
        23864.158343739466
    ]
},
{
    "predicted_price": [
        [
            17860.359375
        ]
    ]
},
{
    "predicted_price": [
        23864.158343739466
    ]
},
